{
  "hash": "fd8f0c26",
  "configHash": "f6ef60ed",
  "lockfileHash": "746abd54",
  "browserHash": "225ccfec",
  "optimized": {
    "@angular/common": {
      "src": "../../../../../node_modules/@angular/common/fesm2022/common.mjs",
      "file": "@angular_common.js",
      "fileHash": "a1db8b23",
      "needsInterop": false
    },
    "@angular/core": {
      "src": "../../../../../node_modules/@angular/core/fesm2022/core.mjs",
      "file": "@angular_core.js",
      "fileHash": "be657f72",
      "needsInterop": false
    },
    "@angular/forms": {
      "src": "../../../../../node_modules/@angular/forms/fesm2022/forms.mjs",
      "file": "@angular_forms.js",
      "fileHash": "b3130264",
      "needsInterop": false
    },
    "@angular/platform-browser": {
      "src": "../../../../../node_modules/@angular/platform-browser/fesm2022/platform-browser.mjs",
      "file": "@angular_platform-browser.js",
      "fileHash": "b070b02e",
      "needsInterop": false
    },
    "@angular/router": {
      "src": "../../../../../node_modules/@angular/router/fesm2022/router.mjs",
      "file": "@angular_router.js",
      "fileHash": "aeab4353",
      "needsInterop": false
    }
  },
  "chunks": {
    "chunk-UHBUL5DV": {
      "file": "chunk-UHBUL5DV.js"
    },
    "chunk-LIK5DR5J": {
      "file": "chunk-LIK5DR5J.js"
    },
    "chunk-57SFBYUE": {
      "file": "chunk-57SFBYUE.js"
    }
  }
}